run_id,experiment_id,status,artifact_uri,start_time,end_time,metrics.train_loss_epoch,metrics.test_f1_macro,metrics.val_accuracy,metrics.train_loss_step,metrics.test_accuracy,num_params,metrics.epoch,metrics.lr-Adam,metrics.val_loss,metrics.train_accuracy,metrics.train_time_s,params.tokenizer,params.optimizer_params/lr,n_heads_label_attn,params.agg,params.scheduler_params/factor,params.vocab_size,params.n_train,params.optimizer_params/weight_decay,params.n_head,params.optimizer,params.scheduler_interval,train_fraction,emb_dim,params.n_test,params.lr,params.scheduler_params/mode,params.n_val,params.epochs,params.scheduler_params/patience,n_layers,params.dataset,params.batch_size,params.scheduler,params.n_classes,tags.mlflow.user,tags.mlflow.source.name,tags.mlflow.runName,tags.mlflow.source.git.commit,tags.mlflow.source.type,min_val_loss,architecture
dbc43581721a46ae929e2554cc36bc4c,8,FINISHED,mlflow-artifacts:/8/dbc43581721a46ae929e2554cc36bc4c/artifacts,2026-05-29 02:49:59.623000+00:00,2026-05-29 03:58:44.490000+00:00,0.8146249055862427,0.601,0.6011999845504761,0.7872864007949829,0.6052,4396545.0,22.0,1e-05,0.9130428433418274,0.6522461771965027,3938.8,wordpiece,1e-05,4,mean,0.5,10000,195000,0.0001,4,<class 'torch.optim.adam.Adam'>,epoch,1.0,256,5000,1e-05,min,5000,40,2,2,amazon,128,<class 'torch.optim.lr_scheduler.ReduceLROnPlateau'>,5,projet-text-classif,/home/onyxia/work/insee_internship/benchmark/run.py,bedecked-snake-80,767b743f40b0ae011a94d70e27a79c3f06f8c76b,LOCAL,0.9053325057029724,Label Attention
be0f0fce22874e4a9df33ce88a6bb029,8,FINISHED,mlflow-artifacts:/8/be0f0fce22874e4a9df33ce88a6bb029/artifacts,2026-05-29 00:56:35.505000+00:00,2026-05-29 02:49:25.191000+00:00,0.8218937516212463,0.6102,0.6051999926567078,0.8498790264129639,0.6148,4134149.0,39.0,1e-05,0.8953112363815308,0.6443333625793457,6569.0,wordpiece,1e-05,None,mean,0.5,10000,195000,0.0001,4,<class 'torch.optim.adam.Adam'>,epoch,1.0,256,5000,1e-05,min,5000,40,2,2,amazon,128,<class 'torch.optim.lr_scheduler.ReduceLROnPlateau'>,5,projet-text-classif,/home/onyxia/work/insee_internship/benchmark/run.py,charming-roo-868,767b743f40b0ae011a94d70e27a79c3f06f8c76b,LOCAL,0.8837264776229858,Transformer (L=2)
4765ce36e6c84d71bb866d2cf434650f,8,FINISHED,mlflow-artifacts:/8/4765ce36e6c84d71bb866d2cf434650f/artifacts,2026-05-28 23:39:06.141000+00:00,2026-05-29 00:55:54.845000+00:00,0.8744263052940369,0.5939,0.6025999784469604,0.8690718412399292,0.5952,3347717.0,39.0,1e-05,0.9051932692527771,0.6216461658477783,4456.1,wordpiece,1e-05,None,mean,0.5,10000,195000,0.0001,4,<class 'torch.optim.adam.Adam'>,epoch,1.0,256,5000,1e-05,min,5000,40,2,1,amazon,128,<class 'torch.optim.lr_scheduler.ReduceLROnPlateau'>,5,projet-text-classif,/home/onyxia/work/insee_internship/benchmark/run.py,valuable-grouse-900,767b743f40b0ae011a94d70e27a79c3f06f8c76b,LOCAL,0.9051932692527771,Transformer (L=1)
fe42e39895d241d6b327ef6e649ea5c5,8,FINISHED,mlflow-artifacts:/8/fe42e39895d241d6b327ef6e649ea5c5/artifacts,2026-05-28 22:59:48.035000+00:00,2026-05-28 23:37:50.554000+00:00,1.059635043144226,0.5415,0.555400013923645,1.0580313205718994,0.5462,2561285.0,39.0,1e-05,1.0538690090179443,0.5499795079231262,2265.2,wordpiece,1e-05,None,mean,0.5,10000,195000,0.0001,None,<class 'torch.optim.adam.Adam'>,epoch,1.0,256,5000,1e-05,min,5000,40,2,0,amazon,128,<class 'torch.optim.lr_scheduler.ReduceLROnPlateau'>,5,projet-text-classif,/home/onyxia/work/insee_internship/benchmark/run.py,agreeable-hound-282,767b743f40b0ae011a94d70e27a79c3f06f8c76b,LOCAL,1.0538690090179443,FastText
0e75840733164f5a9b75101b637b6787,8,FINISHED,mlflow-artifacts:/8/0e75840733164f5a9b75101b637b6787/artifacts,2026-05-28 22:28:16.438000+00:00,2026-05-28 22:59:14.896000+00:00,0.8442680835723877,0.5708,0.5960000157356262,0.8620190620422363,0.576,4396545.0,18.0,1e-05,0.9338308572769165,0.6419076919555664,1682.3,wordpiece,1e-05,4,mean,0.5,10000,97500,0.0001,4,<class 'torch.optim.adam.Adam'>,epoch,0.5,256,5000,1e-05,min,5000,40,2,2,amazon,128,<class 'torch.optim.lr_scheduler.ReduceLROnPlateau'>,5,projet-text-classif,/home/onyxia/work/insee_internship/benchmark/run.py,adorable-asp-566,767b743f40b0ae011a94d70e27a79c3f06f8c76b,LOCAL,0.9321473836898804,Label Attention
83d7597d716d423f8f68ea9e89f269fe,8,FINISHED,mlflow-artifacts:/8/83d7597d716d423f8f68ea9e89f269fe/artifacts,2026-05-28 22:06:34.445000+00:00,2026-05-28 22:33:37.650000+00:00,0.6208247542381287,0.6141,0.5860000252723694,0.5576833486557007,0.6194,4396545.0,8.0,0.0001,1.0521447658538818,0.7348204851150513,1512.4,wordpiece,0.0001,4,mean,0.5,10000,195000,0.0001,4,<class 'torch.optim.adam.Adam'>,epoch,1.0,256,5000,0.0001,min,5000,40,2,2,amazon,128,<class 'torch.optim.lr_scheduler.ReduceLROnPlateau'>,5,projet-text-classif,/home/onyxia/work/insee_internship/benchmark/run.py,delicate-crab-174,767b743f40b0ae011a94d70e27a79c3f06f8c76b,LOCAL,0.8807048797607422,Label Attention
1d46e010773943e09cc4325be35cdef7,8,FINISHED,mlflow-artifacts:/8/1d46e010773943e09cc4325be35cdef7/artifacts,2026-05-28 21:34:05.057000+00:00,2026-05-28 22:05:55.480000+00:00,0.6762702465057373,0.6122,0.6001999974250793,0.7035545110702515,0.6104,4134149.0,10.0,0.0001,0.9850019812583923,0.7129692435264587,1801.8,wordpiece,0.0001,None,mean,0.5,10000,195000,0.0001,4,<class 'torch.optim.adam.Adam'>,epoch,1.0,256,5000,0.0001,min,5000,40,2,2,amazon,128,<class 'torch.optim.lr_scheduler.ReduceLROnPlateau'>,5,projet-text-classif,/home/onyxia/work/insee_internship/benchmark/run.py,bold-goat-292,767b743f40b0ae011a94d70e27a79c3f06f8c76b,LOCAL,0.8816575407981873,Transformer (L=2)
2c8f857b62214078a22a525bf25a4f62,8,FINISHED,mlflow-artifacts:/8/2c8f857b62214078a22a525bf25a4f62/artifacts,2026-05-28 21:28:30.828000+00:00,2026-05-28 22:27:52.302000+00:00,0.8493725061416626,0.5922,0.6096000075340271,0.8155559301376343,0.5942,4134149.0,39.0,1e-05,0.9125280976295471,0.632184624671936,3377.2,wordpiece,1e-05,None,mean,0.5,10000,97500,0.0001,4,<class 'torch.optim.adam.Adam'>,epoch,0.5,256,5000,1e-05,min,5000,40,2,2,amazon,128,<class 'torch.optim.lr_scheduler.ReduceLROnPlateau'>,5,projet-text-classif,/home/onyxia/work/insee_internship/benchmark/run.py,burly-sponge-878,767b743f40b0ae011a94d70e27a79c3f06f8c76b,LOCAL,0.9105896353721619,Transformer (L=2)
e8954d494bf1405991dd6bddc8d2f2c5,8,FINISHED,mlflow-artifacts:/8/e8954d494bf1405991dd6bddc8d2f2c5/artifacts,2026-05-28 21:10:48.943000+00:00,2026-05-28 21:57:58.578000+00:00,0.6425999402999878,0.6149,0.6065999865531921,0.6774397492408752,0.6176,4396545.0,12.0,0.001,0.9627628922462463,0.7272051572799683,2269.0,wordpiece,0.001,4,mean,0.5,10000,195000,0.0001,4,<class 'torch.optim.adam.Adam'>,epoch,1.0,256,5000,0.001,min,5000,40,2,2,amazon,128,<class 'torch.optim.lr_scheduler.ReduceLROnPlateau'>,5,projet-text-classif,/home/onyxia/work/insee_internship/benchmark/run.py,loud-shark-363,767b743f40b0ae011a94d70e27a79c3f06f8c76b,LOCAL,0.8681064248085022,Label Attention
01cfbdf6b2fa4249b5867929ad9ec44d,8,FINISHED,mlflow-artifacts:/8/01cfbdf6b2fa4249b5867929ad9ec44d/artifacts,2026-05-28 21:04:09.068000+00:00,2026-05-28 21:33:25.104000+00:00,0.7282009720802307,0.6056,0.6033999919891357,0.7774274945259094,0.607,3347717.0,14.0,0.0001,0.9530823230743408,0.6883179545402527,1645.8,wordpiece,0.0001,None,mean,0.5,10000,195000,0.0001,4,<class 'torch.optim.adam.Adam'>,epoch,1.0,256,5000,0.0001,min,5000,40,2,1,amazon,128,<class 'torch.optim.lr_scheduler.ReduceLROnPlateau'>,5,projet-text-classif,/home/onyxia/work/insee_internship/benchmark/run.py,smiling-rat-560,767b743f40b0ae011a94d70e27a79c3f06f8c76b,LOCAL,0.8905714750289917,Transformer (L=1)
5faab5a1143a4d86adc8eeca8a6e04e4,8,FINISHED,mlflow-artifacts:/8/5faab5a1143a4d86adc8eeca8a6e04e4/artifacts,2026-05-28 20:47:29.555000+00:00,2026-05-28 21:28:03.947000+00:00,0.908647894859314,0.5685,0.6015999913215637,0.9812383055686951,0.5742,3347717.0,39.0,1e-05,0.9409964680671692,0.6084923148155212,2316.6,wordpiece,1e-05,None,mean,0.5,10000,97500,0.0001,4,<class 'torch.optim.adam.Adam'>,epoch,0.5,256,5000,1e-05,min,5000,40,2,1,amazon,128,<class 'torch.optim.lr_scheduler.ReduceLROnPlateau'>,5,projet-text-classif,/home/onyxia/work/insee_internship/benchmark/run.py,enthused-turtle-706,767b743f40b0ae011a94d70e27a79c3f06f8c76b,LOCAL,0.9409964680671692,Transformer (L=1)
24af844515c64a74b84d0a261e31d7ff,8,FINISHED,mlflow-artifacts:/8/24af844515c64a74b84d0a261e31d7ff/artifacts,2026-05-28 20:40:55.774000+00:00,2026-05-28 21:03:28.764000+00:00,0.8538472652435303,0.5903,0.5914000272750854,0.8544884324073792,0.5938,2561285.0,19.0,0.0001,0.9517675638198853,0.6436307430267334,1337.4,wordpiece,0.0001,None,mean,0.5,10000,195000,0.0001,None,<class 'torch.optim.adam.Adam'>,epoch,1.0,256,5000,0.0001,min,5000,40,2,0,amazon,128,<class 'torch.optim.lr_scheduler.ReduceLROnPlateau'>,5,projet-text-classif,/home/onyxia/work/insee_internship/benchmark/run.py,treasured-stoat-742,767b743f40b0ae011a94d70e27a79c3f06f8c76b,LOCAL,0.9342779517173767,FastText
fa9bcabfc8fa4ed291ba1eee7072e078,8,FINISHED,mlflow-artifacts:/8/fa9bcabfc8fa4ed291ba1eee7072e078/artifacts,2026-05-28 20:35:33.847000+00:00,2026-05-28 21:10:05.791000+00:00,0.7274840474128723,0.6153,0.6129999756813049,0.8001996278762817,0.6218,4134149.0,9.0,0.001,0.8991616368293762,0.6861743330955505,1691.6,wordpiece,0.001,None,mean,0.5,10000,195000,0.0001,4,<class 'torch.optim.adam.Adam'>,epoch,1.0,256,5000,0.001,min,5000,40,2,2,amazon,128,<class 'torch.optim.lr_scheduler.ReduceLROnPlateau'>,5,projet-text-classif,/home/onyxia/work/insee_internship/benchmark/run.py,popular-stoat-26,767b743f40b0ae011a94d70e27a79c3f06f8c76b,LOCAL,0.858304500579834,Transformer (L=2)
84fd6a0f68e2439b95a9dd12df22bbac,8,FINISHED,mlflow-artifacts:/8/84fd6a0f68e2439b95a9dd12df22bbac/artifacts,2026-05-28 20:26:52.880000+00:00,2026-05-28 20:47:05.505000+00:00,1.1393744945526123,0.51,0.5266000032424927,1.187365174293518,0.5162,2561285.0,39.0,1e-05,1.140211582183838,0.5206871628761292,1197.5,wordpiece,1e-05,None,mean,0.5,10000,97500,0.0001,None,<class 'torch.optim.adam.Adam'>,epoch,0.5,256,5000,1e-05,min,5000,40,2,0,amazon,128,<class 'torch.optim.lr_scheduler.ReduceLROnPlateau'>,5,projet-text-classif,/home/onyxia/work/insee_internship/benchmark/run.py,unruly-goose-124,767b743f40b0ae011a94d70e27a79c3f06f8c76b,LOCAL,1.140211582183838,FastText
139ebd34ba26499bb63325f124b4cc3c,8,FINISHED,mlflow-artifacts:/8/139ebd34ba26499bb63325f124b4cc3c/artifacts,2026-05-28 20:25:00.547000+00:00,2026-05-28 20:40:15.300000+00:00,0.6052075028419495,0.601,0.5902000069618225,0.6168474555015564,0.6032,4396545.0,8.0,0.0001,1.1249829530715942,0.7441641092300415,817.0,wordpiece,0.0001,4,mean,0.5,10000,97500,0.0001,4,<class 'torch.optim.adam.Adam'>,epoch,0.5,256,5000,0.0001,min,5000,40,2,2,amazon,128,<class 'torch.optim.lr_scheduler.ReduceLROnPlateau'>,5,projet-text-classif,/home/onyxia/work/insee_internship/benchmark/run.py,silent-skunk-629,767b743f40b0ae011a94d70e27a79c3f06f8c76b,LOCAL,0.903622567653656,Label Attention
2c3e9ff596f545eba29f781a1405cc5e,8,FINISHED,mlflow-artifacts:/8/2c3e9ff596f545eba29f781a1405cc5e/artifacts,2026-05-28 20:12:51.336000+00:00,2026-05-28 20:34:53.205000+00:00,0.7074729800224304,0.6024,0.6129999756813049,0.8103131651878357,0.6068,3347717.0,9.0,0.001,0.9299778342247009,0.6957281827926636,1130.6,wordpiece,0.001,None,mean,0.5,10000,195000,0.0001,4,<class 'torch.optim.adam.Adam'>,epoch,1.0,256,5000,0.001,min,5000,40,2,1,amazon,128,<class 'torch.optim.lr_scheduler.ReduceLROnPlateau'>,5,projet-text-classif,/home/onyxia/work/insee_internship/benchmark/run.py,agreeable-sloth-906,767b743f40b0ae011a94d70e27a79c3f06f8c76b,LOCAL,0.8822706341743469,Transformer (L=1)
bfd82c6534074efe90788de279e7a474,8,FINISHED,mlflow-artifacts:/8/bfd82c6534074efe90788de279e7a474/artifacts,2026-05-28 20:11:59.432000+00:00,2026-05-28 20:26:29.642000+00:00,0.8577909469604492,0.5577,0.5640000104904175,0.8294371962547302,0.562,4396545.0,18.0,1e-05,1.0276967287063599,0.638076901435852,705.0,wordpiece,1e-05,4,mean,0.5,10000,39000,0.0001,4,<class 'torch.optim.adam.Adam'>,epoch,0.2,256,5000,1e-05,min,5000,40,2,2,amazon,128,<class 'torch.optim.lr_scheduler.ReduceLROnPlateau'>,5,projet-text-classif,/home/onyxia/work/insee_internship/benchmark/run.py,adorable-shoat-476,767b743f40b0ae011a94d70e27a79c3f06f8c76b,LOCAL,1.016798496246338,Label Attention
9c4e8359ac21440ab835c393760efe0e,8,FINISHED,mlflow-artifacts:/8/9c4e8359ac21440ab835c393760efe0e/artifacts,2026-05-28 20:07:38.254000+00:00,2026-05-28 20:24:32.126000+00:00,0.7068356275558472,0.5963,0.5932000279426575,0.6988253593444824,0.6002,4134149.0,10.0,0.0001,0.979539155960083,0.6999794840812683,917.7,wordpiece,0.0001,None,mean,0.5,10000,97500,0.0001,4,<class 'torch.optim.adam.Adam'>,epoch,0.5,256,5000,0.0001,min,5000,40,2,2,amazon,128,<class 'torch.optim.lr_scheduler.ReduceLROnPlateau'>,5,projet-text-classif,/home/onyxia/work/insee_internship/benchmark/run.py,crawling-koi-511,767b743f40b0ae011a94d70e27a79c3f06f8c76b,LOCAL,0.9041851758956909,Transformer (L=2)
9b2280f1a60345e5b7c6cca808d295de,8,FINISHED,mlflow-artifacts:/8/9b2280f1a60345e5b7c6cca808d295de/artifacts,2026-05-28 20:04:29.994000+00:00,2026-05-28 20:12:12.837000+00:00,0.9249292612075806,0.5641,0.5745999813079834,0.9688469171524048,0.5668,2561285.0,5.0,0.001,0.980583906173706,0.6087179780006409,450.3,wordpiece,0.001,None,mean,0.5,10000,195000,0.0001,None,<class 'torch.optim.adam.Adam'>,epoch,1.0,256,5000,0.001,min,5000,40,2,0,amazon,128,<class 'torch.optim.lr_scheduler.ReduceLROnPlateau'>,5,projet-text-classif,/home/onyxia/work/insee_internship/benchmark/run.py,victorious-shrew-500,767b743f40b0ae011a94d70e27a79c3f06f8c76b,LOCAL,0.9680943489074707,FastText
990216c366bb48dda420d174094d3627,8,FINISHED,mlflow-artifacts:/8/990216c366bb48dda420d174094d3627/artifacts,2026-05-28 19:49:53.274000+00:00,2026-05-28 20:07:09.504000+00:00,0.7267773151397705,0.5761,0.598800003528595,0.7457625865936279,0.5856,3347717.0,16.0,0.0001,0.9651739001274109,0.6903589963912964,962.0,wordpiece,0.0001,None,mean,0.5,10000,97500,0.0001,4,<class 'torch.optim.adam.Adam'>,epoch,0.5,256,5000,0.0001,min,5000,40,2,1,amazon,128,<class 'torch.optim.lr_scheduler.ReduceLROnPlateau'>,5,projet-text-classif,/home/onyxia/work/insee_internship/benchmark/run.py,gaudy-frog-122,767b743f40b0ae011a94d70e27a79c3f06f8c76b,LOCAL,0.9242609143257141,Transformer (L=1)
e602878ec67440e3b45ef28e3cabd65c,8,FINISHED,mlflow-artifacts:/8/e602878ec67440e3b45ef28e3cabd65c/artifacts,2026-05-28 19:47:59.035000+00:00,2026-05-28 20:03:53.369000+00:00,0.49840468168258667,0.5971,0.5835999846458435,0.5584773421287537,0.5982,4396545.0,8.0,0.001,1.1635210514068604,0.7955384850502014,787.9,wordpiece,0.001,4,mean,0.5,10000,97500,0.0001,4,<class 'torch.optim.adam.Adam'>,epoch,0.5,256,5000,0.001,min,5000,40,2,2,amazon,128,<class 'torch.optim.lr_scheduler.ReduceLROnPlateau'>,5,projet-text-classif,/home/onyxia/work/insee_internship/benchmark/run.py,serious-elk-164,767b743f40b0ae011a94d70e27a79c3f06f8c76b,LOCAL,0.8928666114807129,Label Attention
b42c2fa66ebf452498928509a8d38c35,8,FINISHED,mlflow-artifacts:/8/b42c2fa66ebf452498928509a8d38c35/artifacts,2026-05-28 19:45:11.143000+00:00,2026-05-28 20:11:40.670000+00:00,0.8847987651824951,0.56,0.5820000171661377,0.8484466671943665,0.568,4134149.0,39.0,1e-05,0.9725388884544373,0.619615375995636,1425.6,wordpiece,1e-05,None,mean,0.5,10000,39000,0.0001,4,<class 'torch.optim.adam.Adam'>,epoch,0.2,256,5000,1e-05,min,5000,40,2,2,amazon,128,<class 'torch.optim.lr_scheduler.ReduceLROnPlateau'>,5,projet-text-classif,/home/onyxia/work/insee_internship/benchmark/run.py,orderly-fawn-879,767b743f40b0ae011a94d70e27a79c3f06f8c76b,LOCAL,0.9725388884544373,Transformer (L=2)
0e4ae6a01b3f4619a96df684e97880b0,8,FINISHED,mlflow-artifacts:/8/0e4ae6a01b3f4619a96df684e97880b0/artifacts,2026-05-28 19:31:49.746000+00:00,2026-05-28 19:49:24.853000+00:00,0.8271569609642029,0.5727,0.5842000246047974,0.7332375049591064,0.5758,2561285.0,29.0,0.0001,0.9682216644287109,0.6606461405754089,1040.5,wordpiece,0.0001,None,mean,0.5,10000,97500,0.0001,None,<class 'torch.optim.adam.Adam'>,epoch,0.5,256,5000,0.0001,min,5000,40,2,0,amazon,128,<class 'torch.optim.lr_scheduler.ReduceLROnPlateau'>,5,projet-text-classif,/home/onyxia/work/insee_internship/benchmark/run.py,rogue-ox-652,767b743f40b0ae011a94d70e27a79c3f06f8c76b,LOCAL,0.9558510780334473,FastText
85c95a2cb75e4e34b6f15dde48b712c1,8,FINISHED,mlflow-artifacts:/8/85c95a2cb75e4e34b6f15dde48b712c1/artifacts,2026-05-28 19:29:31.433000+00:00,2026-05-28 19:47:32.186000+00:00,0.535983681678772,0.5991,0.5889999866485596,0.4859146475791931,0.6024,4134149.0,8.0,0.001,1.1141133308410645,0.781569242477417,740.2,wordpiece,0.001,None,mean,0.5,10000,97500,0.0001,4,<class 'torch.optim.adam.Adam'>,epoch,0.5,256,5000,0.001,min,5000,40,2,2,amazon,128,<class 'torch.optim.lr_scheduler.ReduceLROnPlateau'>,5,projet-text-classif,/home/onyxia/work/insee_internship/benchmark/run.py,dazzling-wolf-756,767b743f40b0ae011a94d70e27a79c3f06f8c76b,LOCAL,0.8803247213363647,Transformer (L=2)
ac1eea8098ec408692073c15f284acb3,8,FINISHED,mlflow-artifacts:/8/ac1eea8098ec408692073c15f284acb3/artifacts,2026-05-28 19:26:57.746000+00:00,2026-05-28 19:44:52.460000+00:00,0.9453866481781006,0.5616,0.5699999928474426,0.9403182864189148,0.5652,3347717.0,39.0,1e-05,1.0020461082458496,0.5918974280357361,980.7,wordpiece,1e-05,None,mean,0.5,10000,39000,0.0001,4,<class 'torch.optim.adam.Adam'>,epoch,0.2,256,5000,1e-05,min,5000,40,2,1,amazon,128,<class 'torch.optim.lr_scheduler.ReduceLROnPlateau'>,5,projet-text-classif,/home/onyxia/work/insee_internship/benchmark/run.py,casual-fox-519,767b743f40b0ae011a94d70e27a79c3f06f8c76b,LOCAL,1.0005614757537842,Transformer (L=1)
8f3109421d5f49f0ace35465afa9c0a0,8,FINISHED,mlflow-artifacts:/8/8f3109421d5f49f0ace35465afa9c0a0/artifacts,2026-05-28 19:24:20.850000+00:00,2026-05-28 19:31:20.095000+00:00,0.5662611126899719,0.562,0.5587999820709229,0.7081412076950073,0.5682,4396545.0,8.0,0.0001,1.2434780597686768,0.7709487080574036,330.1,wordpiece,0.0001,4,mean,0.5,10000,39000,0.0001,4,<class 'torch.optim.adam.Adam'>,epoch,0.2,256,5000,0.0001,min,5000,40,2,2,amazon,128,<class 'torch.optim.lr_scheduler.ReduceLROnPlateau'>,5,projet-text-classif,/home/onyxia/work/insee_internship/benchmark/run.py,adventurous-calf-786,767b743f40b0ae011a94d70e27a79c3f06f8c76b,LOCAL,0.9712074398994446,Label Attention
ffe4237621654eeb9d2bdad03163364d,8,FINISHED,mlflow-artifacts:/8/ffe4237621654eeb9d2bdad03163364d/artifacts,2026-05-28 19:19:05.535000+00:00,2026-05-28 19:28:58.323000+00:00,0.5049845576286316,0.6002,0.5807999968528748,0.49748700857162476,0.5982,3347717.0,8.0,0.001,1.1790461540222168,0.7939282059669495,515.8,wordpiece,0.001,None,mean,0.5,10000,97500,0.0001,4,<class 'torch.optim.adam.Adam'>,epoch,0.5,256,5000,0.001,min,5000,40,2,1,amazon,128,<class 'torch.optim.lr_scheduler.ReduceLROnPlateau'>,5,projet-text-classif,/home/onyxia/work/insee_internship/benchmark/run.py,dapper-hound-738,767b743f40b0ae011a94d70e27a79c3f06f8c76b,LOCAL,0.905203104019165,Transformer (L=1)
c56af62560fe40cab2c0f41beb0d85c9,8,FINISHED,mlflow-artifacts:/8/c56af62560fe40cab2c0f41beb0d85c9/artifacts,2026-05-28 19:17:10.364000+00:00,2026-05-28 19:26:39.620000+00:00,1.2606199979782104,0.4666,0.4893999993801117,1.2727078199386597,0.4738,2561285.0,39.0,1e-05,1.2591086626052856,0.4856666624546051,553.0,wordpiece,1e-05,None,mean,0.5,10000,39000,0.0001,None,<class 'torch.optim.adam.Adam'>,epoch,0.2,256,5000,1e-05,min,5000,40,2,0,amazon,128,<class 'torch.optim.lr_scheduler.ReduceLROnPlateau'>,5,projet-text-classif,/home/onyxia/work/insee_internship/benchmark/run.py,beautiful-lamb-124,767b743f40b0ae011a94d70e27a79c3f06f8c76b,LOCAL,1.2591086626052856,FastText
d405958642d446fc999859c9f1c66975,8,FINISHED,mlflow-artifacts:/8/d405958642d446fc999859c9f1c66975/artifacts,2026-05-28 19:15:31.744000+00:00,2026-05-28 19:24:01.856000+00:00,0.724275529384613,0.5762,0.5720000267028809,0.7755067944526672,0.5722,4134149.0,11.0,0.0001,1.045966386795044,0.6959230899810791,421.3,wordpiece,0.0001,None,mean,0.5,10000,39000,0.0001,4,<class 'torch.optim.adam.Adam'>,epoch,0.2,256,5000,0.0001,min,5000,40,2,2,amazon,128,<class 'torch.optim.lr_scheduler.ReduceLROnPlateau'>,5,projet-text-classif,/home/onyxia/work/insee_internship/benchmark/run.py,rumbling-whale-799,767b743f40b0ae011a94d70e27a79c3f06f8c76b,LOCAL,0.9662303924560547,Transformer (L=2)
2950ab1c8176402492530965655d394a,8,FINISHED,mlflow-artifacts:/8/2950ab1c8176402492530965655d394a/artifacts,2026-05-28 19:12:56.292000+00:00,2026-05-28 19:18:38.795000+00:00,0.8766170144081116,0.5655,0.5708000063896179,0.9306725859642029,0.569,2561285.0,7.0,0.001,1.022871971130371,0.6327589750289917,331.7,wordpiece,0.001,None,mean,0.5,10000,97500,0.0001,None,<class 'torch.optim.adam.Adam'>,epoch,0.5,256,5000,0.001,min,5000,40,2,0,amazon,128,<class 'torch.optim.lr_scheduler.ReduceLROnPlateau'>,5,projet-text-classif,/home/onyxia/work/insee_internship/benchmark/run.py,indecisive-conch-799,767b743f40b0ae011a94d70e27a79c3f06f8c76b,LOCAL,0.9603135585784912,FastText
8e0314a5365243ee8fad0e3032696038,8,FINISHED,mlflow-artifacts:/8/8e0314a5365243ee8fad0e3032696038/artifacts,2026-05-28 19:08:08.055000+00:00,2026-05-28 19:15:11.574000+00:00,0.7741514444351196,0.5684,0.5799999833106995,0.7861857414245605,0.5766,3347717.0,14.0,0.0001,1.0059325695037842,0.6733846068382263,367.8,wordpiece,0.0001,None,mean,0.5,10000,39000,0.0001,4,<class 'torch.optim.adam.Adam'>,epoch,0.2,256,5000,0.0001,min,5000,40,2,1,amazon,128,<class 'torch.optim.lr_scheduler.ReduceLROnPlateau'>,5,projet-text-classif,/home/onyxia/work/insee_internship/benchmark/run.py,calm-flea-854,767b743f40b0ae011a94d70e27a79c3f06f8c76b,LOCAL,0.9749387502670288,Transformer (L=1)
406e1c91c76549769ee31146e870fe49,8,FINISHED,mlflow-artifacts:/8/406e1c91c76549769ee31146e870fe49/artifacts,2026-05-28 19:06:19.240000+00:00,2026-05-28 19:16:52.281000+00:00,0.833156943321228,0.5382,0.5450000166893005,0.8682184219360352,0.5414,4396545.0,23.0,1e-05,1.105458378791809,0.6590256690979004,466.1,wordpiece,1e-05,4,mean,0.5,10000,19500,0.0001,4,<class 'torch.optim.adam.Adam'>,epoch,0.1,256,5000,1e-05,min,5000,40,2,2,amazon,128,<class 'torch.optim.lr_scheduler.ReduceLROnPlateau'>,5,projet-text-classif,/home/onyxia/work/insee_internship/benchmark/run.py,colorful-mule-912,767b743f40b0ae011a94d70e27a79c3f06f8c76b,LOCAL,1.088150978088379,Label Attention
7223897011854b55bd8065e393d2e9a1,8,FINISHED,mlflow-artifacts:/8/7223897011854b55bd8065e393d2e9a1/artifacts,2026-05-28 19:05:37.641000+00:00,2026-05-28 19:12:27.813000+00:00,0.4920995533466339,0.5681,0.5573999881744385,0.5396104454994202,0.5764,4396545.0,7.0,0.001,1.3573254346847534,0.8017948865890503,298.8,wordpiece,0.001,4,mean,0.5,10000,39000,0.0001,4,<class 'torch.optim.adam.Adam'>,epoch,0.2,256,5000,0.001,min,5000,40,2,2,amazon,128,<class 'torch.optim.lr_scheduler.ReduceLROnPlateau'>,5,projet-text-classif,/home/onyxia/work/insee_internship/benchmark/run.py,calm-hawk-931,767b743f40b0ae011a94d70e27a79c3f06f8c76b,LOCAL,0.9427164793014526,Label Attention
03d43feb2766440f9ce8b0f306c63230,8,FINISHED,mlflow-artifacts:/8/03d43feb2766440f9ce8b0f306c63230/artifacts,2026-05-28 18:58:09.649000+00:00,2026-05-28 19:05:16.861000+00:00,0.4113512337207794,0.5747,0.5591999888420105,0.45395487546920776,0.5822,4134149.0,8.0,0.001,1.4178515672683716,0.8373333215713501,325.3,wordpiece,0.001,None,mean,0.5,10000,39000,0.0001,4,<class 'torch.optim.adam.Adam'>,epoch,0.2,256,5000,0.001,min,5000,40,2,2,amazon,128,<class 'torch.optim.lr_scheduler.ReduceLROnPlateau'>,5,projet-text-classif,/home/onyxia/work/insee_internship/benchmark/run.py,burly-hound-658,767b743f40b0ae011a94d70e27a79c3f06f8c76b,LOCAL,0.9487902522087097,Transformer (L=2)
c909d9d3e78d466cb860a74a80019cba,8,FINISHED,mlflow-artifacts:/8/c909d9d3e78d466cb860a74a80019cba/artifacts,2026-05-28 18:56:36.963000+00:00,2026-05-28 19:07:46.756000+00:00,0.8994850516319275,0.5547,0.5633999705314636,0.9258911609649658,0.5578,2561285.0,39.0,0.0001,1.0079036951065063,0.6259743571281433,653.8,wordpiece,0.0001,None,mean,0.5,10000,39000,0.0001,None,<class 'torch.optim.adam.Adam'>,epoch,0.2,256,5000,0.0001,min,5000,40,2,0,amazon,128,<class 'torch.optim.lr_scheduler.ReduceLROnPlateau'>,5,projet-text-classif,/home/onyxia/work/insee_internship/benchmark/run.py,rumbling-bat-349,767b743f40b0ae011a94d70e27a79c3f06f8c76b,LOCAL,1.0079036951065063,FastText
cc58579202a64338a839e3ee065caeea,8,FINISHED,mlflow-artifacts:/8/cc58579202a64338a839e3ee065caeea/artifacts,2026-05-28 18:53:01.048000+00:00,2026-05-28 18:57:48.210000+00:00,0.36380535364151,0.5658,0.5465999841690063,0.40177425742149353,0.5726,3347717.0,8.0,0.001,1.4477732181549072,0.859410285949707,227.8,wordpiece,0.001,None,mean,0.5,10000,39000,0.0001,4,<class 'torch.optim.adam.Adam'>,epoch,0.2,256,5000,0.001,min,5000,40,2,1,amazon,128,<class 'torch.optim.lr_scheduler.ReduceLROnPlateau'>,5,projet-text-classif,/home/onyxia/work/insee_internship/benchmark/run.py,valuable-skunk-776,767b743f40b0ae011a94d70e27a79c3f06f8c76b,LOCAL,0.9596805572509766,Transformer (L=1)
3cdc7eb72b45424a967891cff3c5b2ad,8,FINISHED,mlflow-artifacts:/8/3cdc7eb72b45424a967891cff3c5b2ad/artifacts,2026-05-28 18:52:06.770000+00:00,2026-05-28 18:56:15.824000+00:00,0.5882844924926758,0.5453,0.5378000140190125,0.7656662464141846,0.5566,4396545.0,7.0,0.0001,1.2727349996566772,0.7665128111839294,158.5,wordpiece,0.0001,4,mean,0.5,10000,19500,0.0001,4,<class 'torch.optim.adam.Adam'>,epoch,0.1,256,5000,0.0001,min,5000,40,2,2,amazon,128,<class 'torch.optim.lr_scheduler.ReduceLROnPlateau'>,5,projet-text-classif,/home/onyxia/work/insee_internship/benchmark/run.py,ambitious-turtle-794,767b743f40b0ae011a94d70e27a79c3f06f8c76b,LOCAL,1.0494736433029175,Label Attention
7aae2b9b321e42d2b9b37b293e5c284d,8,FINISHED,mlflow-artifacts:/8/7aae2b9b321e42d2b9b37b293e5c284d/artifacts,2026-05-28 18:50:54.629000+00:00,2026-05-28 19:06:02.980000+00:00,0.9286158084869385,0.5529,0.5569999814033508,0.903773307800293,0.5544,4134149.0,39.0,1e-05,1.046823501586914,0.6096410155296326,751.2,wordpiece,1e-05,None,mean,0.5,10000,19500,0.0001,4,<class 'torch.optim.adam.Adam'>,epoch,0.1,256,5000,1e-05,min,5000,40,2,2,amazon,128,<class 'torch.optim.lr_scheduler.ReduceLROnPlateau'>,5,projet-text-classif,/home/onyxia/work/insee_internship/benchmark/run.py,intrigued-wren-748,767b743f40b0ae011a94d70e27a79c3f06f8c76b,LOCAL,1.046823501586914,Transformer (L=2)
56553959dde546afb1095bb9a9c4bd06,8,FINISHED,mlflow-artifacts:/8/56553959dde546afb1095bb9a9c4bd06/artifacts,2026-05-28 18:49:00.687000+00:00,2026-05-28 18:52:38.836000+00:00,0.7347412109375,0.5596,0.5393999814987183,0.8471413850784302,0.5628,2561285.0,10.0,0.001,1.217678427696228,0.7049999833106995,198.7,wordpiece,0.001,None,mean,0.5,10000,39000,0.0001,None,<class 'torch.optim.adam.Adam'>,epoch,0.2,256,5000,0.001,min,5000,40,2,0,amazon,128,<class 'torch.optim.lr_scheduler.ReduceLROnPlateau'>,5,projet-text-classif,/home/onyxia/work/insee_internship/benchmark/run.py,languid-perch-272,767b743f40b0ae011a94d70e27a79c3f06f8c76b,LOCAL,1.0046727657318115,FastText
c0e7f08890f14fa893a7751548a029f6,8,FINISHED,mlflow-artifacts:/8/c0e7f08890f14fa893a7751548a029f6/artifacts,2026-05-28 18:46:27.054000+00:00,2026-05-28 18:51:48.300000+00:00,0.7481498122215271,0.5576,0.5529999732971191,0.6702202558517456,0.569,4134149.0,11.0,0.0001,1.1117359399795532,0.6872307658195496,228.5,wordpiece,0.0001,None,mean,0.5,10000,19500,0.0001,4,<class 'torch.optim.adam.Adam'>,epoch,0.1,256,5000,0.0001,min,5000,40,2,2,amazon,128,<class 'torch.optim.lr_scheduler.ReduceLROnPlateau'>,5,projet-text-classif,/home/onyxia/work/insee_internship/benchmark/run.py,nebulous-lamb-270,767b743f40b0ae011a94d70e27a79c3f06f8c76b,LOCAL,1.0202045440673828,Transformer (L=2)
0bfca3851e354c79a40621d6c57e1cda,8,FINISHED,mlflow-artifacts:/8/0bfca3851e354c79a40621d6c57e1cda/artifacts,2026-05-28 18:44:06.644000+00:00,2026-05-28 18:48:40.112000+00:00,0.42705750465393066,0.5573,0.5278000235557556,0.399162232875824,0.5588,4396545.0,7.0,0.001,1.558282732963562,0.8316410183906555,164.0,wordpiece,0.001,4,mean,0.5,10000,19500,0.0001,4,<class 'torch.optim.adam.Adam'>,epoch,0.1,256,5000,0.001,min,5000,40,2,2,amazon,128,<class 'torch.optim.lr_scheduler.ReduceLROnPlateau'>,5,projet-text-classif,/home/onyxia/work/insee_internship/benchmark/run.py,bemused-gnu-458,767b743f40b0ae011a94d70e27a79c3f06f8c76b,LOCAL,1.013883352279663,Label Attention
e7bd38608476491ab5e677312403193d,8,FINISHED,mlflow-artifacts:/8/e7bd38608476491ab5e677312403193d/artifacts,2026-05-28 18:41:31.344000+00:00,2026-05-28 18:46:09.740000+00:00,0.7463771104812622,0.5456,0.5491999983787537,0.7637667059898376,0.5534,3347717.0,15.0,0.0001,1.0889328718185425,0.6861538290977478,224.4,wordpiece,0.0001,None,mean,0.5,10000,19500,0.0001,4,<class 'torch.optim.adam.Adam'>,epoch,0.1,256,5000,0.0001,min,5000,40,2,1,amazon,128,<class 'torch.optim.lr_scheduler.ReduceLROnPlateau'>,5,projet-text-classif,/home/onyxia/work/insee_internship/benchmark/run.py,languid-goat-874,767b743f40b0ae011a94d70e27a79c3f06f8c76b,LOCAL,1.0415490865707397,Transformer (L=1)
7e0dabfa4a6b4a5d8c8a31e42ec53772,8,FINISHED,mlflow-artifacts:/8/7e0dabfa4a6b4a5d8c8a31e42ec53772/artifacts,2026-05-28 18:40:14.453000+00:00,2026-05-28 18:50:38.476000+00:00,0.9844194650650024,0.5345,0.546999990940094,0.9783259034156799,0.544,3347717.0,39.0,1e-05,1.0573159456253052,0.5857436060905457,536.9,wordpiece,1e-05,None,mean,0.5,10000,19500,0.0001,4,<class 'torch.optim.adam.Adam'>,epoch,0.1,256,5000,1e-05,min,5000,40,2,1,amazon,128,<class 'torch.optim.lr_scheduler.ReduceLROnPlateau'>,5,projet-text-classif,/home/onyxia/work/insee_internship/benchmark/run.py,flawless-fox-75,767b743f40b0ae011a94d70e27a79c3f06f8c76b,LOCAL,1.0573159456253052,Transformer (L=1)
eba4e46b3d994be7b843ad890ebdc617,8,FINISHED,mlflow-artifacts:/8/eba4e46b3d994be7b843ad890ebdc617/artifacts,2026-05-28 18:39:56.857000+00:00,2026-05-28 18:43:45.085000+00:00,0.5210438966751099,0.556,0.5317999720573425,0.6515848636627197,0.563,4134149.0,6.0,0.001,1.354201078414917,0.7880513072013855,128.4,wordpiece,0.001,None,mean,0.5,10000,19500,0.0001,4,<class 'torch.optim.adam.Adam'>,epoch,0.1,256,5000,0.001,min,5000,40,2,2,amazon,128,<class 'torch.optim.lr_scheduler.ReduceLROnPlateau'>,5,projet-text-classif,/home/onyxia/work/insee_internship/benchmark/run.py,rogue-elk-55,767b743f40b0ae011a94d70e27a79c3f06f8c76b,LOCAL,1.0007855892181396,Transformer (L=2)
174fa9190dcc4db198f1533aaf19201a,8,FINISHED,mlflow-artifacts:/8/174fa9190dcc4db198f1533aaf19201a/artifacts,2026-05-28 18:36:55.561000+00:00,2026-05-28 18:39:37.642000+00:00,0.5539649128913879,0.5498,0.5333999991416931,0.6284089684486389,0.5518,3347717.0,6.0,0.001,1.2837703227996826,0.7769230604171753,101.9,wordpiece,0.001,None,mean,0.5,10000,19500,0.0001,4,<class 'torch.optim.adam.Adam'>,epoch,0.1,256,5000,0.001,min,5000,40,2,1,amazon,128,<class 'torch.optim.lr_scheduler.ReduceLROnPlateau'>,5,projet-text-classif,/home/onyxia/work/insee_internship/benchmark/run.py,youthful-frog-294,767b743f40b0ae011a94d70e27a79c3f06f8c76b,LOCAL,1.0205622911453247,Transformer (L=1)
ad107dc59cc84aa8b3f9c5e845b82e9e,8,FINISHED,mlflow-artifacts:/8/ad107dc59cc84aa8b3f9c5e845b82e9e/artifacts,2026-05-28 18:34:28.049000+00:00,2026-05-28 18:41:14.489000+00:00,0.987932562828064,0.5268,0.5351999998092651,0.9811234474182129,0.534,2561285.0,39.0,0.0001,1.0763676166534424,0.5870769023895264,394.2,wordpiece,0.0001,None,mean,0.5,10000,19500,0.0001,None,<class 'torch.optim.adam.Adam'>,epoch,0.1,256,5000,0.0001,min,5000,40,2,0,amazon,128,<class 'torch.optim.lr_scheduler.ReduceLROnPlateau'>,5,projet-text-classif,/home/onyxia/work/insee_internship/benchmark/run.py,clean-toad-271,767b743f40b0ae011a94d70e27a79c3f06f8c76b,LOCAL,1.0763676166534424,FastText
8d0db84885084183a3d7f2b6814ace6f,8,FINISHED,mlflow-artifacts:/8/8d0db84885084183a3d7f2b6814ace6f/artifacts,2026-05-28 18:34:22.725000+00:00,2026-05-28 18:36:33.654000+00:00,0.7446027994155884,0.5471,0.5410000085830688,0.865257740020752,0.5514,2561285.0,10.0,0.001,1.1186017990112305,0.7076410055160522,115.1,wordpiece,0.001,None,mean,0.5,10000,19500,0.0001,None,<class 'torch.optim.adam.Adam'>,epoch,0.1,256,5000,0.001,min,5000,40,2,0,amazon,128,<class 'torch.optim.lr_scheduler.ReduceLROnPlateau'>,5,projet-text-classif,/home/onyxia/work/insee_internship/benchmark/run.py,youthful-gnu-611,767b743f40b0ae011a94d70e27a79c3f06f8c76b,LOCAL,1.0559396743774414,FastText
65820c35d6314539853ba90dd667730e,8,FINISHED,mlflow-artifacts:/8/65820c35d6314539853ba90dd667730e/artifacts,2026-05-28 18:34:19.529000+00:00,2026-05-28 18:39:57.992000+00:00,1.3431203365325928,0.445,0.4519999921321869,1.4090522527694702,0.4534,2561285.0,39.0,1e-05,1.3516998291015625,0.46774357557296753,322.2,wordpiece,1e-05,None,mean,0.5,10000,19500,0.0001,None,<class 'torch.optim.adam.Adam'>,epoch,0.1,256,5000,1e-05,min,5000,40,2,0,amazon,128,<class 'torch.optim.lr_scheduler.ReduceLROnPlateau'>,5,projet-text-classif,/home/onyxia/work/insee_internship/benchmark/run.py,treasured-toad-548,767b743f40b0ae011a94d70e27a79c3f06f8c76b,LOCAL,1.3516998291015625,FastText
